{"terrains": [{"transform": {"position": [0.0, -0.05, 0.0], "rotation": [0.0, 0.0, 0.0], "localScale": [1.0, 1.0, 1.0]}, "terrain_size": [30.0, 600.0, 30.0]}], "goals": [{"position": [22.3882217, 0.5, 11.8121862]}, {"position": [16.2482853, 0.5, 5.51776934]}], "obstacles": [{"transform": {"position": [16.0453129, 0.5, 12.1675148], "rotation": [0.0, 0.0, 0.0], "localScale": [4.0, 0.9, 4.0]}, "point_list": [[14.0453129, 10.1675148, 0.0], [14.0453129, 14.1675148, 0.0], [18.0453129, 14.1675148, 0.0], [18.0453129, 10.1675148, 0.0]], "from_obj": false}], "spawnAreas": [{"transform": {"position": [16.096056, 0.5, 18.46193], "rotation": [0.0, 0.0, 0.0], "localScale": [2.0, 1.0, 2.0]}, "agent_count": 1, "remove_at_goal": true, "goal_list": [0], "wait_list": [], "cycle_lenght": 0.0, "cycle_agent_count": 2, "cycle_remove_at_goal": true, "cycle_goal_list": [], "cycle_wait_list": []}, {"transform": {"position": [9.448681, 0.5, 12.01523], "rotation": [0.0, 0.0, 0.0], "localScale": [2.0, 1.0, 2.0]}, "agent_count": 1, "remove_at_goal": true, "goal_list": [0], "wait_list": [], "cycle_lenght": 0.0, "cycle_agent_count": 2, "cycle_remove_at_goal": true, "cycle_goal_list": [], "cycle_wait_list": []}], "loaded_models": [], "agents": [{"position": [16.5492668, 0.0, 19.0880127], "goal_list": [0], "remove_goal_reach": true, "path_planning_goals": [[16.5492668, -0.00843333453, 19.0880127], [22.3882217, -0.00843333453, 11.8121862]]}, {"position": [10.05222, 0.0, 12.7235479], "goal_list": [0], "remove_goal_reach": true, "path_planning_goals": [[10.05222, -0.00843333453, 12.7235479], [13.916667, -0.00843333453, 14.5], [18.1666679, -0.00843333453, 14.5], [22.3882217, -0.00843333453, 11.8121862]]}], "auxins": []}